INSERT INTO PUBLIC.ELECTION_CALL(ID, DESCRIPTION, NAME) VALUES (1, 'Referendum por la Independencia 2016', 'Referendum por la Independencia 2016');

INSERT INTO PUBLIC.ELECTION(ID, DESCRIPTION, END_TIME, START_TIME, NAME, ELECTION_CALL_ID) VALUES (1, 'Referendum por la Independencia 2016', TIMESTAMP '2016-05-30 20:30:00.0', TIMESTAMP '2016-05-04 19:00:00.0', STRINGDECODE('\u00bfEst\u00e1s a favor de la independencia de Asturias?'), 1);

INSERT INTO PUBLIC.REGION(ID, NAME, ELECTION_ID) VALUES (1, 'Todo el Estado', 1);

INSERT INTO PUBLIC.DISTRICT(ID, NAME, REGION_ID) VALUES (1, STRINGDECODE('Estado Espa\u00f1ol'), 1);

INSERT INTO PUBLIC.CANDIDATURE(CANDIDATURE_TYPE, ID, NAME, VOTE_OPTION, LIST_NAME, DISTRICT_ID, CANDIDATURE_LIST_ID) VALUES ('Referendum', 1, NULL, 'Si', NULL, 1, NULL), ('Referendum', 2, NULL, 'No', NULL, 1, NULL), ('Referendum', 3, NULL, 'Abstencion', NULL, 1, NULL);

INSERT INTO PUBLIC.VOTING_PLACE(ID, NAME) VALUES (1, 'Colegio Electoral 1'), (2, 'Colegio Electoral 2'), (3, 'Colegio Electoral 3'), (4, 'Colegio Electoral 4');

INSERT INTO PUBLIC.VOTER(ID, EMAIL, ID_VOTING_PLACE, NAME, NIF, PASSWORD, VOTING_PLACE_ID) VALUES (1, 'perico@servidor.com', 1, STRINGDECODE('Perico Delgado Guti\u00e9rrez'), '11111111A', 'a70017b56520a726c54158972fd867fe', 1), (2, 'juan@servidor.com', 1, STRINGDECODE('Juan \u00c1lvarez Gonz\u00e1lez'), '11111112B', 'f519729e1fdb7ddb87b518822c41f5f6', NULL), (3, 'manuel@servidor.com', 1, STRINGDECODE('Manuel Fern\u00e1ndez \u00c1lvarez'), '11111113C', 'a1491285c6b403b84add7586e58d878a', NULL), (4, 'francisco@servidor.com', 2, STRINGDECODE('Franciso Guti\u00e9rrez Fern\u00e1ndez'), '11111114D', '44929f58dd43152d00afd9b8e33cd105', 2), (5, 'paco@servidor.com', 2, STRINGDECODE('Paco Dom\u00ednguez \u00c1lvarez'), '11111115E', '5ed208d01a0d2de296928dea1c948189', NULL), (6, 'javier@servidor.com', 3, STRINGDECODE('Javier S\u00e1nchez Pon'), '11111116F', '42b84e43d80182b582565086401f1c67', 3), (7, 'manolo@servidor.com', 3, STRINGDECODE('Manuel \u00c1lvarez \u00c1lvarez'), '11111117G', 'cecc09e9c2993579f7b621fd6937d31e', NULL), (8, 'alvaro@servidor.com', 3, STRINGDECODE('\u00c1lvaro D\u00edaz D\u00edaz'), '11111118H', '683e7f5b840a5b134d81fb9271057aa4', NULL), (9, 'fran@servidor.com', 3, STRINGDECODE('Franciso D\u00edaz Fern\u00e1ndez'), '11111119I', '98c30d3fb10d7e56cb9a8d13ee9156f4', NULL), (10, 'javi@servidor.com', 3, STRINGDECODE('Javier D\u00edaz Pon'), '11111110J', 'd6f3414d1bf6e016a966bfc8ee55b0a2', NULL), (11, 'sandra@servidor.com', 4, STRINGDECODE('Sandra \u00c1lvarez Gonz\u00e1lez'), '11111120K', 'f56f9ce75f6754c1176fc323a15ee92c', 4), (12, 'marta@servidor.com', 4, STRINGDECODE('Marta D\u00edaz D\u00edaz'), '11111121L', '5dce62badd243dbdacd68717c11a4e67', NULL), (13, 'maria@servidor.com', 4, STRINGDECODE('Mar\u00eda D\u00edaz D\u00edaz'), '11111122M', '560c4eaa4eb6a335695f536bb8ae0f0a', NULL), (14, 'luz@servidor.com', 4, STRINGDECODE('Luz D\u00edaz D\u00edaz'), '11111123N', 'b2947e9b1a4ba979e835ff49e8f372b8', NULL), (15, 'manuela@servidor.com', 4, STRINGDECODE('Manuela D\u00edaz D\u00edaz'), '11111124O', '4fcfdc209aac59dba82004f7543b6fc2', NULL);

INSERT INTO PUBLIC.VOTE(ID, READ, VOTE_DATE, CANDIDATURE_ID, VOTING_PLACE_ID) VALUES (1, FALSE, TIMESTAMP '2016-05-05 01:57:57.965', 3, 3), (2, FALSE, TIMESTAMP '2016-05-05 05:30:34.443', 1, 1), (3, FALSE, TIMESTAMP '2016-05-05 02:58:47.063', 3, 1), (4, FALSE, TIMESTAMP '2016-05-05 22:00:32.622', 2, 1), (5, FALSE, TIMESTAMP '2016-05-05 22:00:32.622', 2, 2), (6, FALSE, TIMESTAMP '2016-05-05 17:38:44.736', 1, 3), (7, FALSE, TIMESTAMP '2016-05-05 02:30:54.536', 2, 3), (8, FALSE, TIMESTAMP '2016-05-05 12:11:21.55', 2, 3), (9, FALSE, TIMESTAMP '2016-05-05 17:38:44.736', 1, 3);

INSERT INTO PUBLIC.VOTED_ELECTION(ID, ID_ELECTION, VOTER_ID) VALUES (1, 1, 10), (2, 1, 1), (3, 1, 2), (4, 1, 3), (5, 1, 5), (6, 1, 6), (7, 1, 7), (8, 1, 8), (9, 1, 9);